<?xml version="1.0" encoding="UTF-8"?>

<data>
	<booklist>
		<book isbn="B001" kind="JAVA">
			<title>자바초급</title>
			<author>이영만</author>
			<price>25000</price>
		</book>
		<book isbn="B002" kind="JAVA">
			<title>자바고급</title>
			<author>송찬중</author>
			<price>30000</price>
		</book>
		<book isbn="B003" kind="DB">
			<title>디비구현</title>
			<author>박소연</author>
			<price>35000</price>
		</book>
		<book isbn="B004" kind="DB">
			<title>디비설계</title>
			<author>하대관</author>
			<price>40000</price>
		</book>
	</booklist>
</data>